{
    "accuracy": 0.8775,
    "precession": 0.9267241379310345,
    "recall": 0.8704453441295547,
    "f1": 0.8977035490605428
}